/*
SQLyog Ultimate v11.25 (64 bit)
MySQL - 5.5.53-0ubuntu0.14.04.1 : Database - wt_gms
*********************************************************************
*/

/*!40101 SET NAMES utf8 */;

/*!40101 SET SQL_MODE=''*/;

/*!40014 SET @OLD_UNIQUE_CHECKS=@@UNIQUE_CHECKS, UNIQUE_CHECKS=0 */;
/*!40014 SET @OLD_FOREIGN_KEY_CHECKS=@@FOREIGN_KEY_CHECKS, FOREIGN_KEY_CHECKS=0 */;
/*!40101 SET @OLD_SQL_MODE=@@SQL_MODE, SQL_MODE='NO_AUTO_VALUE_ON_ZERO' */;
/*!40111 SET @OLD_SQL_NOTES=@@SQL_NOTES, SQL_NOTES=0 */;
CREATE DATABASE /*!32312 IF NOT EXISTS*/`wt_gms` /*!40100 DEFAULT CHARACTER SET utf8 */;

USE `wt_gms`;

/*Table structure for table `common` */

DROP TABLE IF EXISTS `common`;

CREATE TABLE `common` (
  `id` int(11) NOT NULL AUTO_INCREMENT,
  `name` varchar(50) NOT NULL,
  `code` varchar(100) NOT NULL,
  PRIMARY KEY (`id`)
) ENGINE=InnoDB AUTO_INCREMENT=5 DEFAULT CHARSET=utf8;

/*Data for the table `common` */

insert  into `common`(`id`,`name`,`code`) values (1,'第一事业部','A1'),(2,'第二事业部','A2'),(3,'第三事业部','A3'),(4,'机型','TEST');

/*Table structure for table `wt_account_manage` */

DROP TABLE IF EXISTS `wt_account_manage`;

CREATE TABLE `wt_account_manage` (
  `id` bigint(20) NOT NULL AUTO_INCREMENT COMMENT '主键',
  `user_name` varchar(30) NOT NULL COMMENT '用户名',
  `role` varchar(30) NOT NULL COMMENT '类型',
  `assignment_date` datetime NOT NULL COMMENT '分配时间',
  `login_date` datetime NOT NULL COMMENT '登录时间',
  PRIMARY KEY (`id`)
) ENGINE=InnoDB AUTO_INCREMENT=766 DEFAULT CHARSET=utf8;

/*Data for the table `wt_account_manage` */

insert  into `wt_account_manage`(`id`,`user_name`,`role`,`assignment_date`,`login_date`) values (346,'123','ADMIN','2017-06-28 16:08:22','2017-10-25 10:16:58'),(347,'123','ADMIN','2017-06-28 16:08:22','2017-10-25 10:22:49'),(348,'123','ADMIN','2017-06-28 16:08:22','2017-10-25 11:28:19'),(349,'123','ADMIN','2017-06-28 16:08:22','2017-10-25 11:30:34'),(350,'123','ADMIN','2017-06-28 16:08:22','2017-10-25 11:42:46'),(351,'123','ADMIN','2017-06-28 16:08:22','2017-10-25 13:57:43'),(352,'123','ADMIN','2017-06-28 16:08:22','2017-10-25 14:15:00'),(353,'123','ADMIN','2017-06-28 16:08:22','2017-10-26 09:33:56'),(354,'123','ADMIN','2017-06-28 16:08:22','2017-10-26 09:37:12'),(355,'123','ADMIN','2017-06-28 16:08:22','2017-10-26 09:37:55'),(356,'123','ADMIN','2017-06-28 16:08:22','2017-10-26 10:01:19'),(357,'222','ADMIN','2017-10-26 10:18:11','2017-10-26 10:18:27'),(358,'111','department','2017-10-26 10:15:44','2017-10-26 10:19:08'),(359,'123','ADMIN','2017-06-28 16:08:22','2017-10-26 10:19:32'),(360,'333','worker','2017-10-26 10:20:04','2017-10-26 10:20:13'),(361,'123','ADMIN','2017-06-28 16:08:22','2017-10-26 10:27:45'),(362,'123','ADMIN','2017-06-28 16:08:22','2017-10-26 10:28:10'),(363,'123','ADMIN','2017-06-28 16:08:22','2017-10-26 10:58:37'),(364,'222','ADMIN','2017-10-26 10:18:11','2017-10-26 10:59:02'),(365,'123','ADMIN','2017-06-28 16:08:22','2017-10-26 11:08:10'),(366,'333','department','2017-10-26 11:08:20','2017-10-26 11:08:32'),(367,'123','ADMIN','2017-06-28 16:08:22','2017-10-26 11:18:49'),(368,'222','ADMIN','2017-10-26 10:18:11','2017-10-26 11:21:09'),(369,'123','ADMIN','2017-06-28 16:08:22','2017-10-26 11:23:15'),(370,'333','department','2017-10-26 11:08:20','2017-10-26 11:29:11'),(371,'123','ADMIN','2017-06-28 16:08:22','2017-10-26 11:44:01'),(372,'444','worker','2017-10-26 11:45:12','2017-10-26 11:45:23'),(373,'333','department','2017-10-26 11:08:20','2017-10-26 11:52:40'),(374,'123','ADMIN','2017-06-28 16:08:22','2017-10-26 11:53:21'),(375,'123','ADMIN','2017-06-28 16:08:22','2017-10-26 13:49:48'),(376,'222','department','2017-10-26 13:50:38','2017-10-26 14:04:02'),(377,'222','department','2017-10-26 13:50:38','2017-10-26 14:04:37'),(378,'333','worker','2017-10-26 13:55:19','2017-10-26 14:05:00'),(379,'333','worker','2017-10-26 13:55:19','2017-10-26 14:08:01'),(380,'123','ADMIN','2017-06-28 16:08:22','2017-10-26 14:20:46'),(381,'123','ADMIN','2017-06-28 16:08:22','2017-10-26 14:38:08'),(382,'333','worker','2017-10-26 13:55:19','2017-10-26 14:45:28'),(383,'222','department','2017-10-26 13:50:38','2017-10-26 15:06:12'),(384,'111','ADMIN','2017-10-26 13:50:13','2017-10-26 15:09:54'),(385,'333','worker','2017-10-26 13:55:19','2017-10-26 15:35:23'),(386,'333','worker','2017-10-26 13:55:19','2017-10-26 18:20:28'),(387,'123','ADMIN','2017-06-28 16:08:22','2017-10-26 18:22:23'),(388,'333','worker','2017-10-26 13:55:19','2017-10-26 18:22:55'),(389,'123','ADMIN','2017-06-28 16:08:22','2017-10-26 18:24:52'),(390,'333','worker','2017-10-26 13:55:19','2017-10-27 09:51:29'),(391,'444','worker','2017-10-26 18:22:46','2017-10-27 10:03:38'),(392,'333','worker','2017-10-26 13:55:19','2017-10-27 10:04:09'),(393,'444','worker','2017-10-26 18:22:46','2017-10-27 10:04:23'),(394,'333','worker','2017-10-26 13:55:19','2017-10-27 10:28:21'),(395,'123','ADMIN','2017-06-28 16:08:22','2017-10-27 10:37:57'),(396,'333','worker','2017-10-26 13:55:19','2017-10-27 11:55:34'),(397,'444','worker','2017-10-26 18:22:46','2017-10-27 12:11:38'),(398,'333','worker','2017-10-26 13:55:19','2017-10-27 13:42:22'),(399,'444','worker','2017-10-26 18:22:46','2017-10-27 13:45:31'),(400,'333','worker','2017-10-26 13:55:19','2017-10-27 14:02:59'),(401,'123','ADMIN','2017-06-28 16:08:22','2017-10-27 14:08:04'),(402,'123','ADMIN','2017-06-28 16:08:22','2017-10-27 14:34:41'),(403,'WT_Worker_A1','worker','2017-10-27 14:27:14','2017-10-27 14:38:37'),(404,'123','ADMIN','2017-06-28 16:08:22','2017-10-27 14:38:57'),(405,'WT_Worker_A10','worker','2017-10-27 14:34:26','2017-10-27 14:39:12'),(406,'123','ADMIN','2017-06-28 16:08:22','2017-10-27 14:39:23'),(407,'WT_Worker_A10','worker','2017-10-27 14:34:26','2017-10-27 14:41:21'),(408,'123','ADMIN','2017-06-28 16:08:22','2017-10-27 15:02:31'),(409,'WT_Worker_A10','worker','2017-10-27 14:34:26','2017-10-27 15:05:10'),(410,'WT_Worker_A1','worker','2017-10-27 14:40:43','2017-10-27 15:26:41'),(411,'WT_Worker_A10','worker','2017-10-27 14:34:26','2017-10-27 16:09:32'),(412,'WT_Worker_A10','worker','2017-10-27 14:34:26','2017-10-27 16:45:25'),(413,'WT_Worker_A1','worker','2017-10-27 14:40:43','2017-10-27 18:01:10'),(414,'WT_Worker_A10','worker','2017-10-27 14:34:26','2017-10-27 18:03:33'),(415,'123','ADMIN','2017-06-28 16:08:22','2017-10-28 09:25:58'),(416,'123','ADMIN','2017-06-28 16:08:22','2017-10-28 10:07:50'),(417,'123','ADMIN','2017-06-28 16:08:22','2017-10-28 10:18:59'),(418,'WT_Worker_A1','worker','2017-10-27 14:40:43','2017-10-28 10:37:03'),(419,'123','ADMIN','2017-06-28 16:08:22','2017-10-28 11:00:05'),(420,'WT_Worker_A10','worker','2017-10-27 14:34:26','2017-10-28 11:15:22'),(421,'123','ADMIN','2017-06-28 16:08:22','2017-10-28 11:16:30'),(422,'123','ADMIN','2017-06-28 16:08:22','2017-10-28 11:24:33'),(423,'123','ADMIN','2017-06-28 16:08:22','2017-10-30 09:11:32'),(424,'123','ADMIN','2017-06-28 16:08:22','2017-10-30 09:32:40'),(425,'test_admin','ADMIN','2017-10-30 09:34:38','2017-10-30 09:34:59'),(426,'test_admin','ADMIN','2017-10-30 09:34:38','2017-10-30 10:01:17'),(427,'WT_Worker_A1','worker','2017-10-30 10:01:32','2017-10-30 10:04:30'),(428,'test_admin','ADMIN','2017-10-30 09:34:38','2017-10-30 10:09:14'),(429,'test_admin','ADMIN','2017-10-30 09:34:38','2017-10-30 10:09:51'),(430,'test_admin','ADMIN','2017-10-30 09:34:38','2017-10-30 10:10:12'),(431,'WT_Dept_A1','department','2017-10-30 10:00:42','2017-10-30 10:18:48'),(432,'WT_Dept_A1','department','2017-10-30 10:00:42','2017-10-30 10:29:36'),(433,'WT_Dept_A10','department','2017-10-30 10:03:26','2017-10-30 10:31:13'),(434,'WT_Worker_A1','worker','2017-10-30 10:01:32','2017-10-30 11:23:33'),(435,'123','ADMIN','2017-06-28 16:08:22','2017-10-30 11:54:41'),(436,'123','ADMIN','2017-06-28 16:08:22','2017-10-30 13:41:57'),(437,'WT_Worker_A1','worker','2017-10-30 10:01:32','2017-10-30 13:58:39'),(438,'123','ADMIN','2017-06-28 16:08:22','2017-10-30 14:27:57'),(439,'123','ADMIN','2017-06-28 16:08:22','2017-10-30 14:33:30'),(440,'WT_Worker_A1','worker','2017-10-30 10:01:32','2017-10-30 14:42:38'),(441,'123','ADMIN','2017-06-28 16:08:22','2017-10-30 15:06:06'),(442,'123','ADMIN','2017-06-28 16:08:22','2017-10-30 15:40:58'),(443,'123','ADMIN','2017-06-28 16:08:22','2017-10-30 16:42:10'),(444,'123','ADMIN','2017-06-28 16:08:22','2017-10-30 16:40:46'),(445,'123','ADMIN','2017-06-28 16:08:22','2017-10-30 17:00:02'),(446,'123','ADMIN','2017-06-28 16:08:22','2017-10-30 17:06:21'),(447,'123','ADMIN','2017-06-28 16:08:22','2017-10-30 17:31:44'),(448,'123','ADMIN','2017-06-28 16:08:22','2017-10-30 18:10:29'),(449,'123','ADMIN','2017-06-28 16:08:22','2017-10-30 18:53:42'),(450,'123','ADMIN','2017-06-28 16:08:22','2017-10-30 18:59:03'),(451,'123','ADMIN','2017-06-28 16:08:22','2017-10-31 09:24:23'),(452,'123','ADMIN','2017-06-28 16:08:22','2017-10-31 09:25:09'),(453,'123','ADMIN','2017-06-28 16:08:22','2017-10-31 09:36:33'),(454,'123','ADMIN','2017-06-28 16:08:22','2017-10-31 09:40:13'),(455,'WT_Worker_A1','worker','2017-10-30 10:01:32','2017-10-31 09:43:28'),(456,'123','ADMIN','2017-06-28 16:08:22','2017-10-31 09:52:29'),(457,'123','ADMIN','2017-06-28 16:08:22','2017-10-31 09:53:16'),(458,'WT_Worker_A1','worker','2017-10-30 10:01:32','2017-10-31 10:29:46'),(459,'WT_Worker_A1','worker','2017-10-30 10:01:32','2017-10-31 10:30:25'),(460,'123','ADMIN','2017-06-28 16:08:22','2017-10-31 10:51:32'),(461,'WT_Worker_A1','worker','2017-10-30 10:01:32','2017-10-31 10:55:22'),(462,'123','ADMIN','2017-06-28 16:08:22','2017-10-31 11:00:36'),(463,'123','ADMIN','2017-06-28 16:08:22','2017-10-31 11:16:19'),(464,'123','ADMIN','2017-06-28 16:08:22','2017-10-31 11:17:39'),(465,'123','ADMIN','2017-06-28 16:08:22','2017-10-31 11:29:20'),(466,'123','ADMIN','2017-06-28 16:08:22','2017-10-31 11:31:31'),(467,'123','ADMIN','2017-06-28 16:08:22','2017-10-31 11:30:40'),(468,'123','ADMIN','2017-06-28 16:08:22','2017-10-31 11:35:29'),(469,'123','ADMIN','2017-06-28 16:08:22','2017-10-31 11:39:24'),(470,'123','ADMIN','2017-06-28 16:08:22','2017-10-31 11:42:38'),(471,'123','ADMIN','2017-06-28 16:08:22','2017-10-31 11:44:41'),(472,'123','ADMIN','2017-06-28 16:08:22','2017-10-31 11:47:16'),(473,'123','ADMIN','2017-06-28 16:08:22','2017-10-31 12:27:57'),(474,'123','ADMIN','2017-06-28 16:08:22','2017-10-31 13:36:09'),(475,'123','ADMIN','2017-06-28 16:08:22','2017-10-31 13:36:23'),(476,'123','ADMIN','2017-06-28 16:08:22','2017-10-31 13:36:33'),(477,'123','ADMIN','2017-06-28 16:08:22','2017-10-31 13:38:43'),(478,'123','ADMIN','2017-06-28 16:08:22','2017-10-31 14:12:17'),(479,'WT_Worker_A1','worker','2017-10-30 10:01:32','2017-10-31 14:25:52'),(480,'123','ADMIN','2017-06-28 16:08:22','2017-10-31 14:26:53'),(481,'123','ADMIN','2017-06-28 16:08:22','2017-10-31 14:44:06'),(482,'WT_Worker_A1','worker','2017-10-30 10:01:32','2017-10-31 14:44:31'),(483,'123','ADMIN','2017-06-28 16:08:22','2017-10-31 15:28:09'),(484,'WT_Worker_A1','worker','2017-10-30 10:01:32','2017-10-31 15:29:26'),(485,'WT_Dept_A1','department','2017-10-30 10:00:42','2017-10-31 15:33:14'),(486,'WT_Administrator','ADMIN','2017-10-27 14:19:00','2017-10-31 15:35:29'),(487,'123','ADMIN','2017-06-28 16:08:22','2017-10-31 15:36:03'),(488,'WT_Worker_A1','worker','2017-10-30 10:01:32','2017-10-31 15:41:34'),(489,'WT_Worker_A10','worker','2017-10-30 10:03:57','2017-10-31 15:50:18'),(490,'WT_Worker_A1','worker','2017-10-30 10:01:32','2017-10-31 16:19:37'),(491,'WT_Worker_A10','worker','2017-10-30 10:03:57','2017-10-31 16:20:04'),(492,'123','ADMIN','2017-06-28 16:08:22','2017-10-31 16:32:18'),(493,'123','ADMIN','2017-06-28 16:08:22','2017-10-31 16:35:31'),(494,'WT_Worker_A10','worker','2017-10-30 10:03:57','2017-10-31 16:39:07'),(495,'WT_Worker_A1','worker','2017-10-30 10:01:32','2017-10-31 17:47:27'),(496,'123','ADMIN','2017-06-28 16:08:22','2017-11-01 09:34:21'),(497,'123','ADMIN','2017-06-28 16:08:22','2017-11-01 09:37:05'),(498,'WT_Administrator','ADMIN','2017-10-27 14:19:00','2017-11-01 10:06:44'),(499,'WT_Dept_A1','department','2017-10-30 10:00:42','2017-11-01 10:12:53'),(500,'WT_Worker_A1','worker','2017-10-30 10:01:32','2017-11-01 10:13:19'),(501,'WT_Dept_A1','department','2017-10-30 10:00:42','2017-11-01 10:15:47'),(502,'123','ADMIN','2017-06-28 16:08:22','2017-11-01 10:20:46'),(503,'123','ADMIN','2017-06-28 16:08:22','2017-11-01 10:22:48'),(504,'WT_Administrator','ADMIN','2017-10-27 14:19:00','2017-11-01 10:23:48'),(505,'WT_Dept_A1','department','2017-10-30 10:00:42','2017-11-01 10:25:23'),(506,'WT_Worker_A1','worker','2017-10-30 10:01:32','2017-11-01 10:27:25'),(507,'123','ADMIN','2017-06-28 16:08:22','2017-11-01 10:32:37'),(508,'WT_Worker_A1','worker','2017-10-30 10:01:32','2017-11-01 10:45:09'),(509,'123','ADMIN','2017-06-28 16:08:22','2017-11-01 11:00:11'),(510,'WT_Worker_A1','worker','2017-10-30 10:01:32','2017-11-01 11:01:54'),(511,'123','ADMIN','2017-06-28 16:08:22','2017-11-01 11:02:54'),(512,'WT_Administrator','ADMIN','2017-10-27 14:19:00','2017-11-01 11:03:28'),(513,'123','ADMIN','2017-06-28 16:08:22','2017-11-01 11:34:27'),(514,'123','ADMIN','2017-06-28 16:08:22','2017-11-01 11:37:02'),(515,'123','ADMIN','2017-06-28 16:08:22','2017-11-01 11:36:55'),(516,'123','ADMIN','2017-06-28 16:08:22','2017-11-01 11:41:33'),(517,'123','ADMIN','2017-06-28 16:08:22','2017-11-01 11:42:33'),(518,'WT_Administrator','ADMIN','2017-10-27 14:19:00','2017-11-01 11:43:34'),(519,'WT_Worker_A1','worker','2017-10-30 10:01:32','2017-11-01 11:47:56'),(520,'123','ADMIN','2017-06-28 16:08:22','2017-11-01 11:50:49'),(521,'WT_Dept_A1','department','2017-10-30 10:00:42','2017-11-01 11:55:35'),(522,'WT_Worker_A1','worker','2017-10-30 10:01:32','2017-11-01 11:57:07'),(523,'123','ADMIN','2017-06-28 16:08:22','2017-11-01 11:57:34'),(524,'WT_Dept_A10','department','2017-10-30 10:03:26','2017-11-01 11:57:58'),(525,'WT_Worker_A10','worker','2017-10-30 10:03:57','2017-11-01 11:58:51'),(526,'123','ADMIN','2017-06-28 16:08:22','2017-11-01 12:25:29'),(527,'123','ADMIN','2017-06-28 16:08:22','2017-11-01 12:36:22'),(528,'123','ADMIN','2017-06-28 16:08:22','2017-11-01 12:40:39'),(529,'WT_Administrator','ADMIN','2017-10-27 14:19:00','2017-11-01 13:35:15'),(530,'123','ADMIN','2017-06-28 16:08:22','2017-11-01 13:50:04'),(531,'WT_Administrator','ADMIN','2017-10-27 14:19:00','2017-11-01 13:51:05'),(532,'WT_Worker_A1','worker','2017-10-30 10:01:32','2017-11-01 13:51:45'),(533,'WT_Worker_A10','worker','2017-10-30 10:03:57','2017-11-01 13:57:56'),(534,'123','ADMIN','2017-06-28 16:08:22','2017-11-01 14:00:59'),(535,'WT_Worker_A1','worker','2017-10-30 10:01:32','2017-11-01 14:01:24'),(536,'WT_Worker_A10','worker','2017-10-30 10:03:57','2017-11-01 14:01:53'),(537,'WT_Worker_A1','worker','2017-10-30 10:01:32','2017-11-01 14:05:58'),(538,'123','ADMIN','2017-06-28 16:08:22','2017-11-01 14:38:44'),(539,'WT_Worker_A1','worker','2017-10-30 10:01:32','2017-11-01 14:39:21'),(540,'123','ADMIN','2017-06-28 16:08:22','2017-11-01 14:56:01'),(541,'WT_Worker_A1','worker','2017-10-30 10:01:32','2017-11-01 15:11:19'),(542,'123','ADMIN','2017-06-28 16:08:22','2017-11-01 15:22:26'),(543,'WT_Administrator','ADMIN','2017-10-27 14:19:00','2017-11-01 15:24:01'),(544,'WT_Dept_A1','department','2017-10-30 10:00:42','2017-11-01 15:24:44'),(545,'123','ADMIN','2017-06-28 16:08:22','2017-11-01 15:27:00'),(546,'WT_Worker_A1','worker','2017-10-30 10:01:32','2017-11-01 15:30:23'),(547,'123','ADMIN','2017-06-28 16:08:22','2017-11-01 16:00:30'),(548,'123','ADMIN','2017-06-28 16:08:22','2017-11-01 16:27:33'),(549,'123','ADMIN','2017-06-28 16:08:22','2017-11-01 16:38:08'),(550,'WT_Worker_A1','worker','2017-10-30 10:01:32','2017-11-01 16:41:31'),(551,'WT_Worker_A1','worker','2017-10-30 10:01:32','2017-11-01 16:44:09'),(552,'123','ADMIN','2017-06-28 16:08:22','2017-11-01 16:45:22'),(553,'WT_Worker_A1','worker','2017-10-30 10:01:32','2017-11-01 16:54:52'),(554,'WT_Worker_A1','worker','2017-10-30 10:01:32','2017-11-01 17:25:45'),(555,'123','ADMIN','2017-06-28 16:08:22','2017-11-01 17:46:28'),(556,'123','ADMIN','2017-06-28 16:08:22','2017-11-01 17:57:27'),(557,'WT_Administrator','ADMIN','2017-10-27 14:19:00','2017-11-01 17:58:21'),(558,'123','ADMIN','2017-06-28 16:08:22','2017-11-01 17:59:28'),(559,'WT_Administrator','ADMIN','2017-10-27 14:19:00','2017-11-01 18:04:24'),(560,'WT_Dept_A1','department','2017-10-30 10:00:42','2017-11-01 18:06:21'),(561,'WT_Worker_A1','worker','2017-10-30 10:01:32','2017-11-01 18:21:23'),(562,'123','ADMIN','2017-06-28 16:08:22','2017-11-01 19:10:58'),(563,'123','ADMIN','2017-06-28 16:08:22','2017-11-01 20:07:26'),(564,'WT_Worker_A1','worker','2017-10-30 10:01:32','2017-11-01 20:08:20'),(565,'123','ADMIN','2017-06-28 16:08:22','2017-11-02 09:11:53'),(566,'123','ADMIN','2017-06-28 16:08:22','2017-11-02 09:17:14'),(567,'123','ADMIN','2017-06-28 16:08:22','2017-11-02 09:27:21'),(568,'WT_Worker_A1','worker','2017-10-30 10:01:32','2017-11-02 09:29:21'),(569,'123','ADMIN','2017-06-28 16:08:22','2017-11-02 09:32:19'),(570,'123','ADMIN','2017-06-28 16:08:22','2017-11-02 09:32:03'),(571,'WT_Worker_A1','worker','2017-10-30 10:01:32','2017-11-02 09:35:04'),(572,'WT_Worker_A1','worker','2017-10-30 10:01:32','2017-11-02 09:39:27'),(573,'123','ADMIN','2017-06-28 16:08:22','2017-11-02 09:47:02'),(574,'123','ADMIN','2017-06-28 16:08:22','2017-11-02 10:37:33'),(575,'WT_Worker_A1','worker','2017-10-30 10:01:32','2017-11-02 10:47:19'),(576,'123','ADMIN','2017-06-28 16:08:22','2017-11-02 11:02:52'),(577,'123','ADMIN','2017-06-28 16:08:22','2017-11-02 11:08:02'),(578,'123','ADMIN','2017-06-28 16:08:22','2017-11-02 11:31:44'),(579,'123','ADMIN','2017-06-28 16:08:22','2017-11-02 11:44:22'),(580,'123','ADMIN','2017-06-28 16:08:22','2017-11-02 11:48:08'),(581,'WT_Worker_A1','worker','2017-10-30 10:01:32','2017-11-02 12:10:39'),(582,'123','ADMIN','2017-06-28 16:08:22','2017-11-02 12:57:05'),(583,'123','ADMIN','2017-06-28 16:08:22','2017-11-02 13:29:20'),(584,'123','ADMIN','2017-06-28 16:08:22','2017-11-02 13:40:18'),(585,'WT_Worker_A1','worker','2017-10-30 10:01:32','2017-11-02 14:25:56'),(586,'123','ADMIN','2017-06-28 16:08:22','2017-11-02 15:44:54'),(587,'WT_Worker_A1','worker','2017-10-30 10:01:32','2017-11-02 15:53:10'),(588,'123','ADMIN','2017-06-28 16:08:22','2017-11-02 16:14:55'),(589,'WT_Dept_A1','department','2017-10-30 10:00:42','2017-11-02 16:15:44'),(590,'123','ADMIN','2017-06-28 16:08:22','2017-11-02 16:17:38'),(591,'WT_Admini','ADMIN','2017-11-02 16:18:00','2017-11-02 16:18:13'),(592,'123','ADMIN','2017-06-28 16:08:22','2017-11-02 16:19:02'),(593,'123','ADMIN','2017-06-28 16:08:22','2017-11-02 16:29:22'),(594,'123','ADMIN','2017-06-28 16:08:22','2017-11-02 17:29:14'),(595,'123','ADMIN','2017-06-28 16:08:22','2017-11-02 17:36:49'),(596,'WT_Admini','ADMIN','2017-11-02 16:18:00','2017-11-02 17:50:14'),(597,'WT_Dept_A1','department','2017-10-30 10:00:42','2017-11-02 18:07:04'),(598,'123','ADMIN','2017-06-28 16:08:22','2017-11-02 18:42:39'),(599,'123','ADMIN','2017-06-28 16:08:22','2017-11-02 18:44:18'),(600,'WT_Admini','ADMIN','2017-11-02 16:18:00','2017-11-02 18:44:41'),(601,'WT_Dept_A1','department','2017-10-30 10:00:42','2017-11-02 18:45:16'),(602,'WT_Dept_A1','department','2017-10-30 10:00:42','2017-11-02 18:49:36'),(603,'WT_Worker_A1','worker','2017-10-30 10:01:32','2017-11-02 18:53:05'),(604,'WT_Dept_A1','department','2017-10-30 10:00:42','2017-11-02 18:59:28'),(605,'123','ADMIN','2017-06-28 16:08:22','2017-11-02 19:17:12'),(606,'WT_Dept_A1','department','2017-10-30 10:00:42','2017-11-02 20:06:07'),(607,'123','ADMIN','2017-06-28 16:08:22','2017-11-03 09:45:35'),(608,'WT_Worker_A1','worker','2017-10-30 10:01:32','2017-11-03 09:47:13'),(609,'WT_Worker_A1','worker','2017-10-30 10:01:32','2017-11-03 09:56:28'),(610,'WT_Worker_A1','worker','2017-10-30 10:01:32','2017-11-03 10:19:36'),(611,'WT_Worker_A1','worker','2017-10-30 10:01:32','2017-11-03 11:07:18'),(612,'WT_Worker_A1','worker','2017-10-30 10:01:32','2017-11-03 13:43:02'),(613,'123','ADMIN','2017-06-28 16:08:22','2017-11-03 13:42:53'),(614,'123','ADMIN','2017-06-28 16:08:22','2017-11-03 14:04:14'),(615,'WT_Worker_A10','worker','2017-10-30 10:03:57','2017-11-03 14:21:10'),(616,'WT_Dept_A10','department','2017-10-30 10:03:26','2017-11-03 14:34:19'),(617,'WT_Worker_A10','worker','2017-10-30 10:03:57','2017-11-03 14:35:48'),(618,'WT_Dept_A10','department','2017-10-30 10:03:26','2017-11-03 14:44:14'),(619,'123','ADMIN','2017-06-28 16:08:22','2017-11-03 14:50:17'),(620,'WT_Admini','ADMIN','2017-11-02 16:18:00','2017-11-03 14:52:37'),(621,'123','ADMIN','2017-06-28 16:08:22','2017-11-03 14:56:37'),(622,'WT_Worker_A10','worker','2017-10-30 10:03:57','2017-11-03 15:07:43'),(623,'123','ADMIN','2017-06-28 16:08:22','2017-11-03 15:43:07'),(624,'123','ADMIN','2017-06-28 16:08:22','2017-11-03 16:32:33'),(625,'123','ADMIN','2017-06-28 16:08:22','2017-11-03 16:42:24'),(626,'123','ADMIN','2017-06-28 16:08:22','2017-11-03 16:55:50'),(627,'123','ADMIN','2017-06-28 16:08:22','2017-11-03 17:39:48'),(628,'123','ADMIN','2017-06-28 16:08:22','2017-11-03 17:49:44'),(629,'123','ADMIN','2017-06-28 16:08:22','2017-11-03 17:50:08'),(630,'123','ADMIN','2017-06-28 16:08:22','2017-11-03 17:53:08'),(631,'123','ADMIN','2017-06-28 16:08:22','2017-11-03 17:56:27'),(632,'123','ADMIN','2017-06-28 16:08:22','2017-11-03 18:04:11'),(633,'123','ADMIN','2017-06-28 16:08:22','2017-11-03 18:08:42'),(634,'123','ADMIN','2017-06-28 16:08:22','2017-11-03 18:16:35'),(635,'123','ADMIN','2017-06-28 16:08:22','2017-11-03 18:22:35'),(636,'123','ADMIN','2017-06-28 16:08:22','2017-11-03 19:06:33'),(637,'WT_Worker_A1','worker','2017-10-30 10:01:32','2017-11-03 19:26:34'),(638,'WT_Worker_A1','worker','2017-10-30 10:01:32','2017-11-03 19:38:54'),(639,'WT_Worker_A10','worker','2017-10-30 10:03:57','2017-11-03 19:39:25'),(640,'123','ADMIN','2017-06-28 16:08:22','2017-11-03 19:40:16'),(641,'123','ADMIN','2017-06-28 16:08:22','2017-11-03 20:13:43'),(642,'WT_Worker_A10','worker','2017-10-30 10:03:57','2017-11-03 20:21:18'),(643,'123','ADMIN','2017-06-28 16:08:22','2017-11-03 20:25:51'),(644,'WT_Worker_A10','worker','2017-10-30 10:03:57','2017-11-03 20:39:12'),(645,'123','ADMIN','2017-06-28 16:08:22','2017-11-03 21:14:34'),(646,'123','ADMIN','2017-06-28 16:08:22','2017-11-03 21:18:05'),(647,'WT_Worker_A10','worker','2017-10-30 10:03:57','2017-11-03 21:18:52'),(648,'WT_Worker_A1','worker','2017-10-30 10:01:32','2017-11-03 21:52:42'),(649,'WT_Worker_A10','worker','2017-10-30 10:03:57','2017-11-03 22:09:36'),(650,'123','ADMIN','2017-06-28 16:08:22','2017-11-03 22:31:24'),(651,'123','ADMIN','2017-06-28 16:08:22','2017-11-03 22:49:24'),(652,'123','ADMIN','2017-06-28 16:08:22','2017-11-03 22:52:41'),(653,'123','ADMIN','2017-06-28 16:08:22','2017-11-03 22:58:47'),(654,'123','ADMIN','2017-06-28 16:08:22','2017-11-03 23:09:34'),(655,'123','ADMIN','2017-06-28 16:08:22','2017-11-03 23:25:09'),(656,'123','ADMIN','2017-06-28 16:08:22','2017-11-03 23:30:22'),(657,'123','ADMIN','2017-06-28 16:08:22','2017-11-03 23:35:31'),(658,'WT_Worker_A10','worker','2017-10-30 10:03:57','2017-11-03 23:37:04'),(659,'123','ADMIN','2017-06-28 16:08:22','2017-11-03 23:45:55'),(660,'123','ADMIN','2017-06-28 16:08:22','2017-11-04 09:18:04'),(661,'123','ADMIN','2017-06-28 16:08:22','2017-11-04 09:33:12'),(662,'123','ADMIN','2017-06-28 16:08:22','2017-11-04 09:36:57'),(663,'123','ADMIN','2017-06-28 16:08:22','2017-11-04 09:40:39'),(664,'WT_Worker_A10','worker','2017-10-30 10:03:57','2017-11-04 10:14:32'),(665,'123','ADMIN','2017-06-28 16:08:22','2017-11-04 10:14:57'),(666,'WT_Worker_A1','worker','2017-10-30 10:01:32','2017-11-04 10:23:36'),(667,'123','ADMIN','2017-06-28 16:08:22','2017-11-04 10:24:51'),(668,'123','ADMIN','2017-06-28 16:08:22','2017-11-04 10:33:30'),(669,'123','ADMIN','2017-06-28 16:08:22','2017-11-04 11:42:26'),(670,'WT_Worker_A1','worker','2017-10-30 10:01:32','2017-11-04 11:54:35'),(671,'123','ADMIN','2017-06-28 16:08:22','2017-11-05 16:07:14'),(672,'123','ADMIN','2017-06-28 16:08:22','2017-11-05 20:31:27'),(673,'123','ADMIN','2017-06-28 16:08:22','2017-11-05 21:14:25'),(674,'123','ADMIN','2017-06-28 16:08:22','2017-11-05 21:19:30'),(675,'123','ADMIN','2017-06-28 16:08:22','2017-11-05 21:44:10'),(676,'123','ADMIN','2017-06-28 16:08:22','2017-11-05 22:01:51'),(677,'123','ADMIN','2017-06-28 16:08:22','2017-11-05 22:58:36'),(678,'123','ADMIN','2017-06-28 16:08:22','2017-11-06 00:14:23'),(679,'123','ADMIN','2017-06-28 16:08:22','2017-11-06 00:22:34'),(680,'123','ADMIN','2017-06-28 16:08:22','2017-11-06 01:00:16'),(681,'123','ADMIN','2017-06-28 16:08:22','2017-11-06 01:21:02'),(682,'123','ADMIN','2017-06-28 16:08:22','2017-11-06 09:20:34'),(683,'123','ADMIN','2017-06-28 16:08:22','2017-11-06 09:34:23'),(684,'WT_Dept_A1','department','2017-10-30 10:00:42','2017-11-06 10:19:40'),(685,'WT_Worker_A1','worker','2017-10-30 10:01:32','2017-11-06 10:20:06'),(686,'123','ADMIN','2017-06-28 16:08:22','2017-11-06 10:20:20'),(687,'WT_Worker_A1','worker','2017-10-30 10:01:32','2017-11-06 10:46:38'),(688,'123','ADMIN','2017-06-28 16:08:22','2017-11-06 11:03:18'),(689,'WT_Worker_A1','worker','2017-10-30 10:01:32','2017-11-06 11:13:22'),(690,'123','ADMIN','2017-06-28 16:08:22','2017-11-06 11:14:36'),(691,'WT_Worker_A1','worker','2017-10-30 10:01:32','2017-11-06 11:17:01'),(692,'123','ADMIN','2017-06-28 16:08:22','2017-11-06 11:19:34'),(693,'WT_Worker_A1','worker','2017-10-30 10:01:32','2017-11-06 11:25:47'),(694,'123','ADMIN','2017-06-28 16:08:22','2017-11-06 11:26:20'),(695,'WT_Worker_A1','worker','2017-10-30 10:01:32','2017-11-06 11:27:31'),(696,'123','ADMIN','2017-06-28 16:08:22','2017-11-06 11:31:20'),(697,'WT_Worker_A1','worker','2017-10-30 10:01:32','2017-11-06 11:34:21'),(698,'123','ADMIN','2017-06-28 16:08:22','2017-11-06 11:35:32'),(699,'WT_Worker_A1','worker','2017-10-30 10:01:32','2017-11-06 11:45:21'),(700,'WT_Worker_A1','worker','2017-10-30 10:01:32','2017-11-06 13:39:13'),(701,'123','ADMIN','2017-06-28 16:08:22','2017-11-06 13:45:47'),(702,'WT_Worker_A10','worker','2017-10-30 10:03:57','2017-11-06 13:52:15'),(703,'123','ADMIN','2017-06-28 16:08:22','2017-11-06 13:53:04'),(704,'WT_Worker_A1','worker','2017-10-30 10:01:32','2017-11-06 13:53:33'),(705,'WT_Worker_A10','worker','2017-10-30 10:03:57','2017-11-06 13:56:41'),(706,'WT_Worker_A1','worker','2017-10-30 10:01:32','2017-11-06 13:57:49'),(707,'WT_Worker_A1','worker','2017-10-30 10:01:32','2017-11-06 13:59:45'),(708,'WT_Worker_A1','worker','2017-10-30 10:01:32','2017-11-06 14:00:31'),(709,'WT_Worker_A1','worker','2017-10-30 10:01:32','2017-11-06 14:01:10'),(710,'123','ADMIN','2017-06-28 16:08:22','2017-11-06 14:03:38'),(711,'WT_Worker_A10','worker','2017-10-30 10:03:57','2017-11-06 14:03:59'),(712,'123','ADMIN','2017-06-28 16:08:22','2017-11-06 14:05:56'),(713,'WT_Worker_A10','worker','2017-10-30 10:03:57','2017-11-06 14:12:31'),(714,'WT_Worker_A1','worker','2017-10-30 10:01:32','2017-11-06 14:13:30'),(715,'WT_Worker_A10','worker','2017-10-30 10:03:57','2017-11-06 14:16:19'),(716,'123','ADMIN','2017-06-28 16:08:22','2017-11-06 14:18:33'),(717,'WT_Worker_A10','worker','2017-10-30 10:03:57','2017-11-06 14:19:25'),(718,'WT_Dept_A10','department','2017-10-30 10:03:26','2017-11-06 14:22:01'),(719,'WT_Worker_A1','worker','2017-10-30 10:01:32','2017-11-06 14:29:19'),(720,'123','ADMIN','2017-06-28 16:08:22','2017-11-06 14:36:02'),(721,'WT_Worker_A10','worker','2017-10-30 10:03:57','2017-11-06 14:36:55'),(722,'123','ADMIN','2017-06-28 16:08:22','2017-11-06 14:47:18'),(723,'WT_Dept_A1','department','2017-10-30 10:00:42','2017-11-06 14:48:46'),(724,'123','ADMIN','2017-06-28 16:08:22','2017-11-06 15:19:51'),(725,'WT_Worker_A1','worker','2017-10-30 10:01:32','2017-11-06 15:26:23'),(726,'123','ADMIN','2017-06-28 16:08:22','2017-11-06 15:34:09'),(727,'WT_Admini','ADMIN','2017-11-02 16:18:00','2017-11-06 16:06:20'),(728,'WT_Worker_A1','worker','2017-10-30 10:01:32','2017-11-06 16:16:27'),(729,'WT_Worker_A1','worker','2017-10-30 10:01:32','2017-11-06 17:13:08'),(730,'WT_Dept_A1','department','2017-10-30 10:00:42','2017-11-06 17:32:10'),(731,'123','ADMIN','2017-06-28 16:08:22','2017-11-06 20:09:04'),(732,'123','ADMIN','2017-06-28 16:08:22','2017-11-06 20:15:08'),(733,'123','ADMIN','2017-06-28 16:08:22','2017-11-06 20:28:18'),(734,'123','ADMIN','2017-06-28 16:08:22','2017-11-07 09:49:40'),(735,'123','ADMIN','2017-06-28 16:08:22','2017-11-07 10:38:14'),(736,'123','ADMIN','2017-06-28 16:08:22','2017-11-07 19:20:18'),(737,'WT_Worker_A1','worker','2017-10-30 10:01:32','2017-11-07 19:24:07'),(738,'123','ADMIN','2017-06-28 16:08:22','2017-11-07 19:28:12'),(739,'123','ADMIN','2017-06-28 16:08:22','2017-11-08 16:01:34'),(740,'123','ADMIN','2017-06-28 16:08:22','2017-11-08 16:28:45'),(741,'WT_Admini','ADMIN','2017-11-02 16:18:00','2017-11-08 18:03:11'),(742,'WT_Admini','ADMIN','2017-11-02 16:18:00','2017-11-08 18:34:00'),(743,'123','ADMIN','2017-06-28 16:08:22','2017-11-08 20:01:18'),(744,'123','ADMIN','2017-06-28 16:08:22','2017-11-08 20:07:25'),(745,'123','ADMIN','2017-06-28 16:08:22','2017-11-08 21:06:56'),(746,'123','ADMIN','2017-06-28 16:08:22','2017-11-09 09:22:45'),(747,'123','ADMIN','2017-06-28 16:08:22','2017-11-09 11:09:14'),(748,'123','ADMIN','2017-06-28 16:08:22','2017-11-09 11:35:07'),(749,'123','ADMIN','2017-06-28 16:08:22','2017-11-09 11:37:52'),(750,'123','ADMIN','2017-06-28 16:08:22','2017-11-09 12:15:41'),(751,'123','ADMIN','2017-06-28 16:08:22','2017-11-09 13:40:52'),(752,'WT_Worker_A1','worker','2017-10-30 10:01:32','2017-11-09 13:54:48'),(753,'WT_Worker_A10','worker','2017-10-30 10:03:57','2017-11-09 14:22:43'),(754,'WT_Worker_A1','worker','2017-10-30 10:01:32','2017-11-09 14:24:16'),(755,'WT_Admini','ADMIN','2017-11-02 16:18:00','2017-11-09 14:43:21'),(756,'WT_Dept_A1','department','2017-10-30 10:00:42','2017-11-09 14:43:43'),(757,'WT_Worker_A1','worker','2017-10-30 10:01:32','2017-11-09 14:53:21'),(758,'123','ADMIN','2017-06-28 16:08:22','2017-11-09 14:56:58'),(759,'123','ADMIN','2017-06-28 16:08:22','2017-11-09 15:00:58'),(760,'WT_Dept_A1','department','2017-10-30 10:00:42','2017-11-09 15:02:24'),(761,'WT_Dept_A1','department','2017-10-30 10:00:42','2017-11-09 15:03:04'),(762,'WT_Worker_A1','worker','2017-10-30 10:01:32','2017-11-09 15:08:45'),(763,'WT_Dept_A1','department','2017-10-30 10:00:42','2017-11-09 15:09:13'),(764,'123','ADMIN','2017-06-28 16:08:22','2017-11-09 15:09:25'),(765,'123','ADMIN','2017-06-28 16:08:22','2017-11-09 15:34:05');

/*Table structure for table `wt_activation_info` */

DROP TABLE IF EXISTS `wt_activation_info`;

CREATE TABLE `wt_activation_info` (
  `id` bigint(20) NOT NULL AUTO_INCREMENT,
  `sn` varchar(30) DEFAULT NULL,
  `dev_name` varchar(50) DEFAULT NULL,
  `activation_time` datetime DEFAULT NULL,
  `country` varchar(50) DEFAULT NULL,
  `mobile_op` varchar(20) DEFAULT NULL,
  `mobile_model` varchar(30) DEFAULT NULL,
  `mobile_brand` varchar(20) DEFAULT NULL,
  PRIMARY KEY (`id`)
) ENGINE=InnoDB AUTO_INCREMENT=162189 DEFAULT CHARSET=utf8;

/*Data for the table `wt_activation_info` */

insert  into `wt_activation_info`(`id`,`sn`,`dev_name`,`activation_time`,`country`,`mobile_op`,`mobile_model`,`mobile_brand`) values (162166,'A1_MT_1_SN2','DEV_A1_MT_1','2017-11-08 00:00:00','巴西',NULL,NULL,NULL),(162167,'A1_MT_1_SN3','DEV_A1_MT_2','2017-11-08 00:00:00','巴西',NULL,NULL,NULL),(162168,'A1_MT_2_SN1','DEV_A1_MT_2','2017-11-01 00:00:00','巴西',NULL,NULL,NULL),(162169,'A1_MT_2_SN2','DEV_A1_MT_2','2017-11-01 00:00:00','巴西',NULL,NULL,NULL),(162170,'A1_MT_3_SN1','DEV_A1_MT_3','2017-11-01 00:00:00','俄罗斯',NULL,NULL,NULL),(162171,'A1_MT_3_SN2','DEV_A1_MT_3','2017-11-01 00:00:00','俄罗斯',NULL,NULL,NULL),(162172,'A1_MT_3_SN3','DEV_A1_MT_3','2017-11-01 00:00:00','俄罗斯',NULL,NULL,NULL),(162173,'A1_MT_4_SN1','DEV_A1_MT_4','2017-11-01 00:00:00','印度',NULL,NULL,NULL),(162174,'A1_MT_4_SN2','DEV_A1_MT_4','2017-11-01 00:00:00','印度',NULL,NULL,NULL),(162175,'A1_MT_4_SN3','DEV_A1_MT_4','2017-11-01 00:00:00','印度',NULL,NULL,NULL),(162176,'A1_MT_4_SN4','DEV_A1_MT_4','2017-11-01 00:00:00','印度',NULL,NULL,NULL),(162177,'A1_MT_5_SN1','DEV_A1_MT_5','2017-11-05 00:00:00','中国',NULL,NULL,NULL),(162178,'A1_MT_5_SN2','DEV_A1_MT_5','2017-11-05 00:00:00','中国',NULL,NULL,NULL),(162179,'A1_MT_5_SN3','DEV_A1_MT_5','2017-11-05 00:00:00','中国',NULL,NULL,NULL),(162180,'A1_MT_5_SN4','DEV_A1_MT_5','2017-11-05 00:00:00','中国',NULL,NULL,NULL),(162181,'A1_MT_5_SN5','DEV_A1_MT_5','2017-11-05 00:00:00','中国',NULL,NULL,NULL),(162182,'A1_MT_6_SN1','DEV_A1_MT_6','2017-11-02 00:00:00','美国',NULL,NULL,NULL),(162183,'A1_MT_6_SN2','DEV_A1_MT_6','2017-11-02 00:00:00','美国',NULL,NULL,NULL),(162184,'A1_MT_6_SN3','DEV_A1_MT_6','2017-11-02 00:00:00','美国',NULL,NULL,NULL),(162185,'A1_MT_6_SN4','DEV_A1_MT_6','2017-11-02 00:00:00','美国',NULL,NULL,NULL),(162186,'A1_MT_6_SN5','DEV_A1_MT_6','2017-11-02 00:00:00','美国',NULL,NULL,NULL),(162187,'A1_MT_6_SN6','DEV_A1_MT_6','2017-11-02 00:00:00','美国',NULL,NULL,NULL);

/*Table structure for table `wt_active_info` */

DROP TABLE IF EXISTS `wt_active_info`;

CREATE TABLE `wt_active_info` (
  `id` bigint(20) NOT NULL AUTO_INCREMENT COMMENT '主键',
  `sn` varchar(30) NOT NULL COMMENT 'sn号',
  `dev_name` varchar(50) NOT NULL COMMENT '设备名称',
  `active_time` datetime NOT NULL COMMENT '活跃时间',
  `country` varchar(50) NOT NULL COMMENT '国家',
  `mobile_op` varchar(20) NOT NULL COMMENT '手机操作系统',
  `mobile_model` varchar(30) NOT NULL COMMENT '手机型号',
  `mobile_brand` varchar(20) NOT NULL COMMENT '手机品牌',
  PRIMARY KEY (`id`),
  KEY `sn` (`sn`) USING BTREE
) ENGINE=InnoDB AUTO_INCREMENT=1613922 DEFAULT CHARSET=utf8;

/*Data for the table `wt_active_info` */

insert  into `wt_active_info`(`id`,`sn`,`dev_name`,`active_time`,`country`,`mobile_op`,`mobile_model`,`mobile_brand`) values (1613902,'A1_MT_1_SN2','DEV_A1_MT_1','2017-11-09 00:00:00','中国','Android','Mod_A1_MT_1','WTWD1'),(1613903,'A1_MT_1_SN3','DEV_A1_MT_1','2017-11-09 00:00:00','中国','Android','Mod_A1_MT_1','WTWD1'),(1613904,'A1_MT_2_SN1','DEV_A1_MT_2','2017-11-09 00:00:00','巴西','Android','Mod_A1_MT_2','WTWD1'),(1613905,'A1_MT_2_SN2','DEV_A1_MT_2','2017-11-09 00:00:00','巴西','Android','Mod_A1_MT_5','WTWD1'),(1613906,'A1_MT_3_SN1','DEV_A1_MT_3','2017-11-03 00:00:00','俄罗斯','Android','Mod_A1_MT_3','WTWD1'),(1613907,'A1_MT_3_SN2','DEV_A1_MT_3','2017-11-03 00:00:00','俄罗斯','Android','Mod_A1_MT_3','WTWD1'),(1613908,'A1_MT_3_SN3','DEV_A1_MT_3','2017-11-03 00:00:00','俄罗斯','Android','Mod_A1_MT_3','WTWD1'),(1613913,'A1_MT_4_SN1','DEV_A1_MT_4','2017-11-03 00:00:00','印度','Android','Mod_A1_MT_4','WTWD1'),(1613914,'A1_MT_4_SN2','DEV_A1_MT_4','2017-11-03 00:00:00','印度','Android','Mod_A1_MT_4','WTWD1'),(1613915,'A1_MT_4_SN3','DEV_A1_MT_4','2017-11-03 00:00:00','印度','Android','Mod_A1_MT_4','WTWD1'),(1613916,'A1_MT_4_SN4','DEV_A1_MT_4','2017-11-03 00:00:00','印度','Android','Mod_A1_MT_4','WTWD1'),(1613917,'A1_MT_5_SN1','DEV_A1_MT_5','2017-11-06 00:00:00','中国','Android','Mod_A1_MT_5','WTWD1'),(1613918,'A1_MT_5_SN2','DEV_A1_MT_5','2017-11-06 00:00:00','中国','Android','Mod_A1_MT_5','WTWD1'),(1613919,'A1_MT_5_SN3','DEV_A1_MT_5','2017-11-06 00:00:00','中国','Android','Mod_A1_MT_5','WTWD1'),(1613920,'A1_MT_5_SN4','DEV_A1_MT_5','2017-11-06 00:00:00','中国','Android','Mod_A1_MT_5','WTWD1'),(1613921,'A1_MT_5_SN5','DEV_A1_MT_5','2017-11-06 00:00:00','中国','Android','Mod_A1_MT_5','WTWD1');

/*Table structure for table `wt_department` */

DROP TABLE IF EXISTS `wt_department`;

CREATE TABLE `wt_department` (
  `id` bigint(20) NOT NULL AUTO_INCREMENT COMMENT '主键',
  `depart_name` varchar(30) NOT NULL COMMENT '部门名称',
  PRIMARY KEY (`id`),
  UNIQUE KEY `depart_name` (`depart_name`)
) ENGINE=InnoDB AUTO_INCREMENT=55 DEFAULT CHARSET=utf8;

/*Data for the table `wt_department` */

insert  into `wt_department`(`id`,`depart_name`) values (29,'A1'),(34,'A10'),(35,'A18'),(36,'A19'),(30,'A5');

/*Table structure for table `wt_device` */

DROP TABLE IF EXISTS `wt_device`;

CREATE TABLE `wt_device` (
  `id` bigint(20) NOT NULL AUTO_INCREMENT COMMENT '主键',
  `dev_name` varchar(30) NOT NULL COMMENT '设备名称',
  PRIMARY KEY (`id`),
  UNIQUE KEY `dev_name` (`dev_name`)
) ENGINE=InnoDB AUTO_INCREMENT=38 DEFAULT CHARSET=utf8;

/*Data for the table `wt_device` */

insert  into `wt_device`(`id`,`dev_name`) values (37,'DEV_A10_MT_1'),(14,'DEV_A1_MT_1'),(32,'DEV_A1_MT_2'),(33,'DEV_A1_MT_3'),(34,'DEV_A1_MT_4'),(35,'DEV_A1_MT_5'),(36,'DEV_A1_MT_6');

/*Table structure for table `wt_device_info` */

DROP TABLE IF EXISTS `wt_device_info`;

CREATE TABLE `wt_device_info` (
  `id` bigint(20) NOT NULL AUTO_INCREMENT COMMENT '主键',
  `company` varchar(100) DEFAULT NULL,
  `department` varchar(100) DEFAULT NULL,
  `model` varchar(50) DEFAULT NULL,
  `sn` varchar(50) NOT NULL,
  `is_active` int(11) NOT NULL DEFAULT '0',
  `create_time` datetime NOT NULL COMMENT '创建时间',
  PRIMARY KEY (`id`)
) ENGINE=InnoDB AUTO_INCREMENT=1002294 DEFAULT CHARSET=utf8;

/*Data for the table `wt_device_info` */

insert  into `wt_device_info`(`id`,`company`,`department`,`model`,`sn`,`is_active`,`create_time`) values (1002192,'MTK','A1','DEV_A1_MT_1','A1_MT_1_SN1',0,'2017-11-06 11:26:07'),(1002193,'MTK','A1','DEV_A1_MT_1','A1_MT_1_SN2',1,'2017-11-06 11:26:07'),(1002194,'MTK','A1','DEV_A1_MT_1','A1_MT_1_SN3',1,'2017-11-06 11:26:07'),(1002195,'MTK','A1','DEV_A1_MT_1','A1_MT_1_SN4',0,'2017-11-06 11:26:07'),(1002196,'MTK','A1','DEV_A1_MT_1','A1_MT_1_SN5',0,'2017-11-06 11:26:07'),(1002197,'MTK','A1','DEV_A1_MT_1','A1_MT_1_SN6',0,'2017-11-06 11:26:07'),(1002198,'MTK','A1','DEV_A1_MT_1','A1_MT_1_SN7',0,'2017-11-06 11:26:07'),(1002199,'MTK','A1','DEV_A1_MT_1','A1_MT_1_SN8',0,'2017-11-06 11:26:07'),(1002200,'MTK','A1','DEV_A1_MT_1','A1_MT_1_SN9',0,'2017-11-06 11:26:07'),(1002201,'MTK','A1','DEV_A1_MT_1','A1_MT_1_SN10',0,'2017-11-06 11:26:07'),(1002202,'MTK','A1','DEV_A1_MT_2','A1_MT_2_SN1',0,'2017-11-06 11:45:29'),(1002203,'MTK','A1','DEV_A1_MT_2','A1_MT_2_SN2',0,'2017-11-06 11:45:29'),(1002204,'MTK','A1','DEV_A1_MT_2','A1_MT_2_SN3',0,'2017-11-06 11:45:29'),(1002205,'MTK','A1','DEV_A1_MT_2','A1_MT_2_SN4',0,'2017-11-06 11:45:29'),(1002206,'MTK','A1','DEV_A1_MT_2','A1_MT_2_SN5',0,'2017-11-06 11:45:29'),(1002207,'MTK','A1','DEV_A1_MT_2','A1_MT_2_SN6',0,'2017-11-06 11:45:29'),(1002208,'MTK','A1','DEV_A1_MT_2','A1_MT_2_SN7',0,'2017-11-06 11:45:29'),(1002209,'MTK','A1','DEV_A1_MT_2','A1_MT_2_SN8',0,'2017-11-06 11:45:29'),(1002210,'MTK','A1','DEV_A1_MT_2','A1_MT_2_SN9',0,'2017-11-06 11:45:29'),(1002211,'MTK','A1','DEV_A1_MT_2','A1_MT_2_SN10',0,'2017-11-06 11:45:29'),(1002212,'MTK','A1','DEV_A1_MT_3','A1_MT_3_SN1',0,'2017-11-06 11:45:33'),(1002213,'MTK','A1','DEV_A1_MT_3','A1_MT_3_SN2',0,'2017-11-06 11:45:33'),(1002214,'MTK','A1','DEV_A1_MT_3','A1_MT_3_SN3',0,'2017-11-06 11:45:33'),(1002215,'MTK','A1','DEV_A1_MT_3','A1_MT_3_SN4',0,'2017-11-06 11:45:33'),(1002216,'MTK','A1','DEV_A1_MT_3','A1_MT_3_SN5',0,'2017-11-06 11:45:33'),(1002217,'MTK','A1','DEV_A1_MT_3','A1_MT_3_SN6',0,'2017-11-06 11:45:33'),(1002218,'MTK','A1','DEV_A1_MT_3','A1_MT_3_SN7',0,'2017-11-06 11:45:33'),(1002219,'MTK','A1','DEV_A1_MT_3','A1_MT_3_SN8',0,'2017-11-06 11:45:33'),(1002220,'MTK','A1','DEV_A1_MT_3','A1_MT_3_SN9',0,'2017-11-06 11:45:33'),(1002221,'MTK','A1','DEV_A1_MT_3','A1_MT_3_SN10',0,'2017-11-06 11:45:33'),(1002222,'MTK','A1','DEV_A1_MT_4','A1_MT_4_SN1',0,'2017-11-06 11:45:37'),(1002223,'MTK','A1','DEV_A1_MT_4','A1_MT_4_SN2',0,'2017-11-06 11:45:37'),(1002224,'MTK','A1','DEV_A1_MT_4','A1_MT_4_SN3',0,'2017-11-06 11:45:37'),(1002225,'MTK','A1','DEV_A1_MT_4','A1_MT_4_SN4',0,'2017-11-06 11:45:37'),(1002226,'MTK','A1','DEV_A1_MT_4','A1_MT_4_SN5',0,'2017-11-06 11:45:37'),(1002227,'MTK','A1','DEV_A1_MT_4','A1_MT_4_SN6',0,'2017-11-06 11:45:37'),(1002228,'MTK','A1','DEV_A1_MT_4','A1_MT_4_SN7',0,'2017-11-06 11:45:37'),(1002229,'MTK','A1','DEV_A1_MT_4','A1_MT_4_SN8',0,'2017-11-06 11:45:37'),(1002230,'MTK','A1','DEV_A1_MT_4','A1_MT_4_SN9',0,'2017-11-06 11:45:37'),(1002231,'MTK','A1','DEV_A1_MT_4','A1_MT_4_SN10',0,'2017-11-06 11:45:37'),(1002232,'MTK','A1','DEV_A1_MT_5','A1_MT_5_SN1',0,'2017-11-06 13:39:23'),(1002233,'MTK','A1','DEV_A1_MT_5','A1_MT_5_SN2',0,'2017-11-06 13:39:23'),(1002234,'MTK','A1','DEV_A1_MT_5','A1_MT_5_SN3',0,'2017-11-06 13:39:23'),(1002235,'MTK','A1','DEV_A1_MT_5','A1_MT_5_SN4',0,'2017-11-06 13:39:23'),(1002236,'MTK','A1','DEV_A1_MT_5','A1_MT_5_SN5',0,'2017-11-06 13:39:23'),(1002237,'MTK','A1','DEV_A1_MT_5','A1_MT_5_SN6',0,'2017-11-06 13:39:23'),(1002238,'MTK','A1','DEV_A1_MT_5','A1_MT_5_SN7',0,'2017-11-06 13:39:23'),(1002239,'MTK','A1','DEV_A1_MT_5','A1_MT_5_SN8',0,'2017-11-06 13:39:23'),(1002240,'MTK','A1','DEV_A1_MT_5','A1_MT_5_SN9',0,'2017-11-06 13:39:23'),(1002241,'MTK','A1','DEV_A1_MT_5','A1_MT_5_SN10',0,'2017-11-06 13:39:23'),(1002272,'teste','test','test','test',0,'2017-10-19 16:51:36'),(1002273,'test','test','test','test1',0,'2017-11-05 16:52:00'),(1002284,'MTK','A1','DEV_A1_MT_6','A1_MT_6_SN1',0,'2017-11-09 14:34:22'),(1002285,'MTK','A1','DEV_A1_MT_6','A1_MT_6_SN2',0,'2017-11-09 14:34:22'),(1002286,'MTK','A1','DEV_A1_MT_6','A1_MT_6_SN3',0,'2017-11-09 14:34:22'),(1002287,'MTK','A1','DEV_A1_MT_6','A1_MT_6_SN4',0,'2017-11-09 14:34:22'),(1002288,'MTK','A1','DEV_A1_MT_6','A1_MT_6_SN5',0,'2017-11-09 14:34:22'),(1002289,'MTK','A1','DEV_A1_MT_6','A1_MT_6_SN6',0,'2017-11-09 14:34:22'),(1002290,'MTK','A1','DEV_A1_MT_6','A1_MT_6_SN7',0,'2017-11-09 14:34:22'),(1002291,'MTK','A1','DEV_A1_MT_6','A1_MT_6_SN8',0,'2017-11-09 14:34:22'),(1002292,'MTK','A1','DEV_A1_MT_6','A1_MT_6_SN9',0,'2017-11-09 14:34:22'),(1002293,'MTK','A1','DEV_A1_MT_6','A1_MT_6_SN10',0,'2017-11-09 14:34:22');

/*Table structure for table `wt_permission` */

DROP TABLE IF EXISTS `wt_permission`;

CREATE TABLE `wt_permission` (
  `id` bigint(20) NOT NULL AUTO_INCREMENT COMMENT '主键',
  `permission_name` varchar(100) NOT NULL,
  `permission` varchar(100) NOT NULL,
  PRIMARY KEY (`id`)
) ENGINE=InnoDB AUTO_INCREMENT=15 DEFAULT CHARSET=utf8;

/*Data for the table `wt_permission` */

insert  into `wt_permission`(`id`,`permission_name`,`permission`) values (1,'首页','/index/index'),(2,'地区分布','/region/list'),(3,'设备激活','/device/activation/list'),(4,'设备活跃','/device/active/list'),(5,'设备入库','/device/storage/list'),(6,'报表统计','/report/list'),(7,'机型统计','/statistics/list'),(8,'设备统计','/equipment/statistics/list'),(9,'账号管理','/account/manage/list'),(10,'日志监控','/log/monitoring/list'),(11,'后台版本','/version/list'),(12,'账号分配','/permission/assignment/list'),(13,'入库操作','work:input'),(14,'账号添加','account:add');

/*Table structure for table `wt_report_info` */

DROP TABLE IF EXISTS `wt_report_info`;

CREATE TABLE `wt_report_info` (
  `id` bigint(20) NOT NULL AUTO_INCREMENT COMMENT '主键',
  `report_belong` varchar(30) NOT NULL COMMENT '报表所属部门',
  `filename` varchar(100) NOT NULL COMMENT '文件名',
  `sn_sum` bigint(20) NOT NULL COMMENT 'sn数量',
  `status` varchar(30) NOT NULL COMMENT '状态',
  `departName` varchar(30) DEFAULT NULL COMMENT '查询的事业部名',
  `devName` varchar(30) DEFAULT NULL COMMENT '查询的设备名',
  `country` varchar(30) DEFAULT NULL COMMENT '查询的国家名',
  `beginDate` datetime DEFAULT NULL COMMENT '查询的开始时间',
  `endDate` datetime DEFAULT NULL COMMENT '查询的结束时间',
  PRIMARY KEY (`id`)
) ENGINE=InnoDB AUTO_INCREMENT=51 DEFAULT CHARSET=utf8;

/*Data for the table `wt_report_info` */

insert  into `wt_report_info`(`id`,`report_belong`,`filename`,`sn_sum`,`status`,`departName`,`devName`,`country`,`beginDate`,`endDate`) values (45,'A1','1509947999869.xlsx',0,'失败',NULL,'DEV_A1_MT_1','中国','2017-10-01 00:00:00','2017-11-06 00:00:00'),(46,'A1','1509948191105.xlsx',0,'失败',NULL,'DEV_A1_MT_2','美国','2017-11-06 00:00:00','2017-11-06 00:00:00'),(47,'admin','1510195616105.xlsx',0,'失败',NULL,NULL,NULL,'2017-11-09 00:00:00','2017-11-09 00:00:00'),(48,'admin','1510195617051.xlsx',0,'失败',NULL,NULL,NULL,'2017-11-09 00:00:00','2017-11-09 00:00:00'),(49,'admin','1510212171278.xlsx',0,'失败','A1','DEV_A1_MT_1','巴西','2017-11-09 00:00:00','2017-11-09 00:00:00'),(50,'admin','1510212178190.xlsx',1,'成功','A1','DEV_A1_MT_1','巴西','2017-10-03 00:00:00','2017-11-09 00:00:00');

/*Table structure for table `wt_role_info` */

DROP TABLE IF EXISTS `wt_role_info`;

CREATE TABLE `wt_role_info` (
  `id` bigint(20) NOT NULL AUTO_INCREMENT COMMENT '主键',
  `role_name` varchar(50) NOT NULL,
  PRIMARY KEY (`id`)
) ENGINE=InnoDB AUTO_INCREMENT=16 DEFAULT CHARSET=utf8;

/*Data for the table `wt_role_info` */

insert  into `wt_role_info`(`id`,`role_name`) values (1,'admin'),(2,'department'),(3,'superadmin'),(4,'depart'),(14,'A1:worker2017-10-30 10:01:32'),(15,'A10:worker2017-10-30 10:03:57');

/*Table structure for table `wt_role_permission` */

DROP TABLE IF EXISTS `wt_role_permission`;

CREATE TABLE `wt_role_permission` (
  `id` bigint(20) NOT NULL AUTO_INCREMENT COMMENT '主键',
  `role_id` bigint(20) NOT NULL,
  `permission_id` bigint(20) NOT NULL,
  PRIMARY KEY (`id`)
) ENGINE=InnoDB AUTO_INCREMENT=103 DEFAULT CHARSET=utf8;

/*Data for the table `wt_role_permission` */

insert  into `wt_role_permission`(`id`,`role_id`,`permission_id`) values (1,3,14),(2,1,1),(3,1,2),(4,1,3),(5,1,4),(6,1,6),(7,1,7),(8,1,8),(9,1,9),(10,1,10),(11,1,11),(12,2,1),(13,2,2),(14,2,3),(15,2,4),(16,2,5),(17,2,6),(18,2,7),(19,2,8),(20,2,11),(28,1,5),(29,1,12),(87,14,1),(88,14,4),(89,14,7),(90,14,2),(91,14,5),(92,14,3),(93,14,6),(94,14,13),(95,15,1),(96,15,4),(97,15,7),(98,15,2),(99,15,5),(100,15,3),(101,15,6),(102,15,13);

/*Table structure for table `wt_storage_info` */

DROP TABLE IF EXISTS `wt_storage_info`;

CREATE TABLE `wt_storage_info` (
  `id` bigint(20) NOT NULL AUTO_INCREMENT COMMENT '主键',
  `device_name` varchar(200) NOT NULL,
  `num` int(11) NOT NULL,
  `total` int(11) NOT NULL,
  `status` varchar(100) NOT NULL,
  `inventory` int(11) NOT NULL,
  `operator` varchar(100) NOT NULL,
  `edit_time` datetime NOT NULL,
  PRIMARY KEY (`id`)
) ENGINE=InnoDB AUTO_INCREMENT=75 DEFAULT CHARSET=utf8;

/*Data for the table `wt_storage_info` */

insert  into `wt_storage_info`(`id`,`device_name`,`num`,`total`,`status`,`inventory`,`operator`,`edit_time`) values (65,'DEV_A1_MT_1',10,10,'成功',10,'WT_Worker_A1','2017-11-06 11:26:07'),(66,'DEV_A1_MT_2',10,10,'成功',10,'WT_Worker_A1','2017-11-06 11:45:29'),(67,'DEV_A1_MT_3',10,10,'成功',10,'WT_Worker_A1','2017-11-06 11:45:33'),(68,'DEV_A1_MT_4',10,10,'成功',10,'WT_Worker_A1','2017-11-06 11:45:37'),(69,'DEV_A1_MT_5',10,10,'成功',10,'WT_Worker_A1','2017-11-06 13:39:23'),(74,'DEV_A1_MT_6',10,10,'成功',10,'WT_Worker_A1','2017-11-09 14:34:22');

/*Table structure for table `wt_user_info` */

DROP TABLE IF EXISTS `wt_user_info`;

CREATE TABLE `wt_user_info` (
  `id` bigint(20) NOT NULL AUTO_INCREMENT COMMENT '主键',
  `user_name` varchar(50) NOT NULL,
  `user_pwd` varchar(50) NOT NULL,
  `user_status` varchar(20) NOT NULL,
  `real_name` varchar(50) NOT NULL,
  `user_type` varchar(20) NOT NULL,
  `create_time` datetime NOT NULL,
  `edit_time` datetime DEFAULT NULL,
  PRIMARY KEY (`id`)
) ENGINE=InnoDB AUTO_INCREMENT=31 DEFAULT CHARSET=utf8;

/*Data for the table `wt_user_info` */

insert  into `wt_user_info`(`id`,`user_name`,`user_pwd`,`user_status`,`real_name`,`user_type`,`create_time`,`edit_time`) values (1,'123','eaf413b71410a68c00e94ed0ff401dbe','admin','123','ADMIN','2017-06-28 16:08:22','2017-06-28 16:08:25'),(25,'test_admin','76801f070cdb374d3bc0a145ed73e3cb','admin','test_admin','ADMIN','2017-10-30 09:34:38','2017-10-30 09:34:38'),(26,'WT_Dept_A1','0be50367d998d27ae4cab7d910e37975','A1','WT_Dept_A1','department','2017-10-30 10:00:42','2017-10-30 10:00:42'),(27,'WT_Worker_A1','c0b74c1b9e510aee5e5f46c93b1117f4','A1','WT_Worker_A1','worker','2017-10-30 10:01:32','2017-10-30 10:01:32'),(28,'WT_Dept_A10','5306ac7150d0195d7c43fd799436883d','A10','WT_Dept_A10','department','2017-10-30 10:03:26','2017-10-30 10:03:26'),(29,'WT_Worker_A10','4cfcc44719c6b7db372d47ce2fdae9ba','A10','WT_Worker_A10','worker','2017-10-30 10:03:57','2017-10-30 10:03:57'),(30,'WT_Admini','f2bd1e89b67d60c1fcf8c56ebde2d97c','admin','WT_Admini','ADMIN','2017-11-02 16:18:00','2017-11-02 16:18:00');

/*Table structure for table `wt_user_role` */

DROP TABLE IF EXISTS `wt_user_role`;

CREATE TABLE `wt_user_role` (
  `id` bigint(20) NOT NULL AUTO_INCREMENT COMMENT '主键',
  `user_id` bigint(20) NOT NULL,
  `role_id` bigint(20) NOT NULL,
  PRIMARY KEY (`id`)
) ENGINE=InnoDB AUTO_INCREMENT=32 DEFAULT CHARSET=utf8;

/*Data for the table `wt_user_role` */

insert  into `wt_user_role`(`id`,`user_id`,`role_id`) values (1,1,1),(2,1,3),(26,25,1),(27,26,2),(28,27,14),(29,28,2),(30,29,15),(31,30,1);

/*Table structure for table `wt_version_info` */

DROP TABLE IF EXISTS `wt_version_info`;

CREATE TABLE `wt_version_info` (
  `id` bigint(20) NOT NULL AUTO_INCREMENT COMMENT '主键',
  `versoin_id` varchar(30) NOT NULL COMMENT '版本号',
  `update_date` datetime NOT NULL COMMENT '更新日期',
  `input_sum` bigint(20) NOT NULL DEFAULT '0' COMMENT '录入总数',
  PRIMARY KEY (`id`)
) ENGINE=InnoDB DEFAULT CHARSET=utf8;

/*Data for the table `wt_version_info` */

/* Function  structure for function  `generate_order_with_given_number` */

/*!50003 DROP FUNCTION IF EXISTS `generate_order_with_given_number` */;
DELIMITER $$

/*!50003 CREATE DEFINER=`root`@`%` FUNCTION `generate_order_with_given_number`(p_quantity INT) RETURNS int(11)
BEGIN
DECLARE i INT DEFAULT 0;
DECLARE precode VARCHAR(20);
DECLARE codee VARCHAR(20);

while i< p_quantity do
SET i=i+1;
SET precode='A1_MT_5_SN';
SET codee = concat(precode,i);

INSERT INTO wt_active_info VALUES
(null,codee,'DEV_A1_MT_5','2017-11-06 00:00:00','中国','Android','Mod_A1_MT_5','WTWD1');
end while;
RETURN 0;	
END */$$
DELIMITER ;

/*!40101 SET SQL_MODE=@OLD_SQL_MODE */;
/*!40014 SET FOREIGN_KEY_CHECKS=@OLD_FOREIGN_KEY_CHECKS */;
/*!40014 SET UNIQUE_CHECKS=@OLD_UNIQUE_CHECKS */;
/*!40111 SET SQL_NOTES=@OLD_SQL_NOTES */;
